<?xml version="1.0" encoding="utf-8"?>
<extension type="component" version="3.9" method="upgrade">
    <name>com_jbackup</name>
    <author>R.Balvardi</author>
    <creationDate>April 2025</creationDate>
    <copyright>Copyright (C) 2025 R.Balvardi. All rights reserved.</copyright>
    <license>GNU General Public License version 2 or later; see LICENSE.txt</license>
    <authorEmail>info@dimagroup.ir</authorEmail>
    <authorUrl>www.dimagroup.ir</authorUrl>
    <version>1.0.0</version>
    <description>COM_JBACKUP_DESCRIPTION</description>
    
    <install>
        <sql>
            <file driver="mysql" charset="utf8">admin/sql/install.mysql.utf8.sql</file>
        </sql>
    </install>
    <uninstall>
        <sql>
            <file driver="mysql" charset="utf8">admin/sql/uninstall.mysql.utf8.sql</file>
        </sql>
    </uninstall>
    <update>
        <schemas>
            <schemapath type="mysql">admin/sql/updates/mysql</schemapath>
        </schemas>
    </update>
    
    <administration>
        <menu img="class:database">COM_JBACKUP</menu>
        <submenu>
            <menu link="option=com_jbackup&amp;view=backups" view="backups" img="class:database" alt="JBackup/Backups">COM_JBACKUP_MENU_BACKUPS</menu>
            <menu link="option=com_jbackup&amp;view=backup&amp;layout=edit" view="backup" img="class:database-add" alt="JBackup/Backup">COM_JBACKUP_MENU_BACKUP</menu>
            <menu link="option=com_config&amp;view=component&amp;component=com_jbackup" view="config" img="class:config" alt="JBackup/Settings">COM_JBACKUP_MENU_SETTINGS</menu>
        </submenu>
        
        <files folder="admin">
            <filename>access.xml</filename>
            <filename>config.xml</filename>
            <filename>controller.php</filename>
            <filename>jbackup.php</filename>
            <folder>controllers</folder>
            <folder>helpers</folder>
            <folder>language</folder>
            <folder>models</folder>
            <folder>sql</folder>
            <folder>tables</folder>
            <folder>views</folder>
        </files>
    </administration>
</extension>
